{
  "i18n/i18n.properties": 1729257837730,
  "controller/List.controller.js": 1729851651705,
  "model/models.js": 1729257837730,
  "controller/Groups.controller.js": 1729575947943,
  "controller/FlexibleColumnLayout.controller.js": 1729483004309,
  "controller/Detail.controller.js": 1729585579469,
  "controller/App.controller.js": 1729275867672,
  "manifest.json": 1730185634977,
  "Component.js": 1729279119528,
  "controller/List-dbg.controller.js": 1729851651705,
  "controller/List.controller.js.map": 1730185635171,
  "model/models-dbg.js": 1729257837730,
  "model/models.js.map": 1730185635132,
  "controller/Groups-dbg.controller.js": 1729575947943,
  "controller/Groups.controller.js.map": 1730185635142,
  "controller/FlexibleColumnLayout-dbg.controller.js": 1729483004309,
  "controller/FlexibleColumnLayout.controller.js.map": 1730185635144,
  "controller/Detail-dbg.controller.js": 1729585579469,
  "controller/Detail.controller.js.map": 1730185635145,
  "controller/App-dbg.controller.js": 1729275867672,
  "controller/App.controller.js.map": 1730185635144,
  "Component-dbg.js": 1729279119528,
  "Component.js.map": 1730185635149,
  "Component-preload.js": 1730185635364,
  "Component-preload.js.map": 1730185635364,
  "view/List.view.xml": 1729522593718,
  "view/Groups.view.xml": 1729485566352,
  "view/FlexibleColumnLayout.view.xml": 1729276451142,
  "view/Detail.view.xml": 1729502093232,
  "view/App.view.xml": 1729276004196,
  "fragments/register.fragment.xml": 1729830243306,
  "fragments/busyDialog.fragment.xml": 1729743712134,
  "css/style.css": 1729257837734,
  "index.html": 1729272057021
}